City_ID,City,Lat,Lng,Max Temp,Humidity,Cloudiness,Wind Speed,Country
0,Poum,-20.2333,164.0167,72.61,66,75,6.96,NC
1,Punta Arenas,-53.15,-70.9167,44.71,53,40,23.02,CL
2,Beloha,-25.1667,45.05,68.18,79,0,5.91,MG
3,Troitskoye,52.9821,84.6757,41.0,72,100,13.89,RU
4,Eastbourne,50.7687,0.2845,60.17,91,100,4.12,GB
5,Ushuaia,-54.8,-68.3,42.46,65,40,17.27,AR
6,Mar Del Plata,-38.0023,-57.5575,62.1,61,90,5.01,AR
7,Roebourne,-20.7833,117.1333,66.9,52,0,11.39,AU
8,Yabassi,4.457,9.9682,74.84,98,100,2.26,CM
9,Naze,28.3667,129.4833,77.4,86,44,10.42,JP
10,Mataura,-46.1927,168.8643,43.48,91,53,6.44,NZ
11,Castro,-24.7911,-50.0119,63.99,78,55,4.07,BR
12,Pisco,-13.7,-76.2167,68.05,68,0,16.11,PE
13,Oranjestad,12.524,-70.027,87.75,75,20,11.01,AW
14,Hamilton,39.1834,-84.5333,71.04,46,1,1.99,US
15,Aklavik,68.2191,-135.0107,34.52,86,90,11.5,CA
16,Port Elizabeth,-33.918,25.5701,62.89,67,20,12.66,ZA
17,Rikitea,-23.1203,-134.9692,73.9,76,58,14.74,PF
18,Bagotville,-28.9833,153.4167,64.42,78,100,9.64,AU
19,Bahir Dar,11.5936,37.3908,59.94,90,76,3.51,ET
20,Codrington,-38.2667,141.9667,47.5,69,67,4.34,AU
21,Canyon,34.9803,-101.9188,91.47,18,23,15.61,US
22,Semnan,35.5729,53.3971,74.19,15,0,3.85,IR
23,Chanute,37.6792,-95.4572,81.91,32,1,4.61,US
24,Hobart,-42.8794,147.3294,43.11,81,20,3.0,AU
25,Cumberland,35.0502,-78.8664,80.08,40,1,8.05,US
26,Omagari,39.45,140.4833,59.49,86,100,3.74,JP
27,Nemuro,43.3236,145.575,54.37,78,4,2.48,JP
28,New Norfolk,-42.7826,147.0587,42.75,78,28,2.98,AU
29,Saldanha,-33.0117,17.9442,60.85,93,91,4.47,ZA
30,Saskylakh,71.9167,114.0833,31.82,90,98,16.71,RU
31,Katsuura,35.1333,140.3,70.2,67,100,14.94,JP
32,Yeppoon,-23.1333,150.7333,60.58,66,62,2.1,AU
33,Ayan,56.45,138.1667,50.85,61,78,15.59,RU
34,Abu Dhabi,24.4667,54.3667,91.42,62,0,4.61,AE
35,Kahului,20.8947,-156.47,87.82,72,40,20.71,US
36,Lebu,-37.6167,-73.65,51.91,78,24,11.01,CL
37,Auki,-8.7676,160.7034,84.0,69,25,2.75,SB
38,Smithers,54.7804,-127.1743,59.32,67,75,6.91,CA
39,Atuona,-9.8,-139.0333,78.3,76,75,19.86,PF
40,Lompoc,34.6391,-120.4579,86.02,77,1,4.0,US
41,Bollnas,61.3482,16.3946,43.5,88,24,3.4,SE
42,Vaini,-21.2,-175.2,71.76,88,75,6.91,TO
43,Thompson,55.7435,-97.8558,51.96,66,90,4.61,CA
44,Albany,42.6001,-73.9662,72.43,65,91,1.99,US
45,Lizzano,40.391,17.4476,70.68,75,0,1.25,IT
46,Sitka,57.0531,-135.33,51.69,71,90,4.61,US
47,Gunib,42.3876,46.9651,48.56,88,50,2.68,RU
48,Clyde River,70.4692,-68.5914,30.43,86,1,6.91,CA
49,Severo-Kurilsk,50.6789,156.125,48.49,86,100,7.23,RU
50,Chokurdakh,70.6333,147.9167,32.67,98,100,10.96,RU
51,Fereydun Kenar,36.6864,52.5225,73.89,81,22,4.0,IR
52,Esperance,-33.8667,121.9,53.44,77,65,19.33,AU
53,Liku,-0.7275,119.8922,75.76,91,97,2.26,ID
54,Qaanaaq,77.484,-69.3632,21.96,71,100,6.71,GL
55,Paamiut,61.994,-49.6678,34.54,71,0,13.56,GL
56,Sept-Iles,50.2001,-66.3821,59.25,87,75,1.01,CA
57,Moose Factory,51.2585,-80.6094,53.6,76,90,14.97,CA
58,Spassk,52.747,87.7545,34.56,84,100,3.06,RU
59,Puerto Ayora,-0.7393,-90.3518,75.16,85,77,8.9,EC
60,Chuy,-33.6971,-53.4616,59.02,95,68,5.75,UY
61,Bluff,-46.6,168.3333,43.81,66,37,14.72,NZ
62,Gisborne,-38.6533,178.0042,66.94,61,91,8.7,NZ
63,Burlington,39.8835,-74.6413,76.82,62,1,0.0,US
64,Port Alfred,-33.5906,26.891,61.77,72,89,11.23,ZA
65,Yarada,17.65,83.2667,79.12,94,75,2.3,IN
66,Aleksandrov Gay,50.147,48.5704,55.6,76,100,8.66,RU
67,Arlit,18.7369,7.3853,91.13,10,0,11.9,NE
68,Isangel,-19.55,169.2667,75.31,64,40,6.91,VU
69,Victoria,22.2855,114.1577,84.38,78,26,5.01,HK
70,Basco,20.4487,121.9702,84.29,77,16,18.77,PH
71,Jiaojiang,28.6803,121.4428,67.12,92,91,2.53,CN
72,Mogadishu,2.0371,45.3438,77.72,84,36,17.45,SO
73,Portel,-1.9356,-50.8211,79.95,72,48,2.89,BR
74,Cabo San Lucas,22.8909,-109.9124,94.6,70,16,7.16,MX
75,Ellisras,-23.6649,27.7443,67.19,37,36,6.2,ZA
76,Leningradskiy,69.3833,178.4167,28.42,72,100,5.73,RU
77,San Andres,12.5847,-81.7006,80.62,94,90,2.3,CO
78,Kapaa,22.0752,-159.319,84.18,70,40,4.0,US
79,Tuktoyaktuk,69.4541,-133.0374,33.8,100,90,16.11,CA
80,Graham,47.0529,-122.2943,82.27,42,1,1.99,US
81,Huarmey,-10.0681,-78.1522,66.09,79,91,11.43,PE
82,Nome,64.5011,-165.4064,44.67,71,75,14.97,US
83,Sargatskoye,55.6101,73.4972,29.73,93,8,6.89,RU
84,Jamestown,42.097,-79.2353,67.32,77,90,11.5,US
85,Boa Vista,2.8197,-60.6733,93.18,43,20,6.91,BR
86,Beidao,34.5686,105.8933,61.14,97,100,3.27,CN
87,Bilibino,68.0546,166.4372,28.81,96,100,5.97,RU
88,Airai,-8.9266,125.4092,59.47,82,55,2.08,TL
89,Ribeira Grande,38.5167,-28.7,71.24,83,100,8.52,PT
90,Vila Velha,-20.3297,-40.2925,76.96,64,40,12.66,BR
91,Busselton,-33.65,115.3333,51.08,90,67,4.21,AU
92,Bengkulu,-3.8004,102.2655,75.58,92,100,2.21,ID
93,Sindgi,16.9167,76.2333,74.32,88,100,7.87,IN
94,Ponta Do Sol,32.6667,-17.1,70.43,75,75,4.23,PT
95,Guaruja,-23.9931,-46.2564,74.91,52,90,1.01,BR
96,Hilo,19.7297,-155.09,83.93,68,40,11.5,US
97,Bredasdorp,-34.5322,20.0403,61.92,72,12,8.05,ZA
98,Klaksvik,62.2266,-6.589,54.52,93,100,26.33,FO
99,Rudbar,30.15,62.6,78.75,12,0,2.73,AF
100,Kut Chap,17.4257,102.5669,74.71,96,100,7.0,TH
101,Hasaki,35.7333,140.8333,68.4,60,100,14.52,JP
102,Rahuri,19.3833,74.65,73.45,92,100,2.53,IN
103,Hovd,48.0056,91.6419,36.91,32,29,6.38,MN
104,Saint George,37.1041,-113.5841,94.53,16,1,4.0,US
105,Provideniya,64.3833,-173.3,32.54,87,100,2.37,RU
106,Faanui,-16.4833,-151.75,78.69,75,9,9.75,PF
107,Belmonte,-15.8631,-38.8828,73.9,75,7,9.19,BR
108,San Patricio,28.017,-97.5169,89.69,38,2,12.68,US
109,Tiksi,71.6872,128.8694,32.23,89,100,20.6,RU
110,Teya,60.3778,92.6267,34.05,90,94,5.32,RU
111,Cape Town,-33.9258,18.4232,62.28,86,75,8.05,ZA
112,Biak,-0.9131,122.8766,75.2,85,98,5.44,ID
113,Krasnoborsk,61.5598,45.934,44.73,98,100,5.84,RU
114,Dingle,10.9995,122.6711,76.3,91,89,4.34,PH
115,Carnarvon,-24.8667,113.6333,66.27,72,75,10.36,AU
116,Gobabis,-22.45,18.9667,69.51,20,4,12.39,NA
117,High Level,58.5169,-117.136,62.71,29,20,9.22,CA
118,Pevek,69.7008,170.3133,30.81,97,100,19.15,RU
119,Lavrentiya,65.5833,-171.0,32.79,83,100,6.69,RU
120,Alofi,-19.0595,-169.9187,76.89,57,9,5.75,NU
121,Nelson Bay,-32.7167,152.15,58.1,72,100,1.99,AU
122,Hermanus,-34.4187,19.2345,61.81,87,24,11.1,ZA
123,Conde,-7.2597,-34.9075,76.46,88,40,6.91,BR
124,Fairbanks,64.8378,-147.7164,34.61,88,75,0.0,US
125,Pangnirtung,66.1451,-65.7125,35.58,55,100,2.51,CA
126,Cocula,20.3652,-103.8222,84.13,57,85,2.55,MX
127,Jumla,29.2747,82.1838,58.42,89,94,2.95,NP
128,Touros,-5.1989,-35.4608,79.7,80,11,15.21,BR
129,East London,-33.0153,27.9116,66.54,61,38,15.88,ZA
130,Ancud,-41.8697,-73.8203,49.53,62,39,12.64,CL
131,Ohangaron,40.9064,69.6383,59.14,11,0,6.46,UZ
132,Korla,41.7597,86.1469,59.95,27,0,3.65,CN
133,Honningsvag,70.9821,25.9704,46.78,83,100,12.64,NO
134,San Ciro De Acosta,21.6333,-99.8167,76.32,68,85,10.45,MX
135,Shestakovo,56.4915,103.96,27.48,94,94,3.27,RU
136,Khatanga,71.9667,102.5,28.71,92,92,10.07,RU
137,Oussouye,12.485,-16.5469,80.78,84,88,4.74,SN
138,Saint-Philippe,-21.3585,55.7679,71.15,85,40,13.6,RE
139,Bethel,41.3712,-73.414,73.11,73,16,3.44,US
140,Natal,-5.795,-35.2094,80.82,78,40,13.8,BR
141,El Alto,-4.2714,-81.2147,69.46,75,48,21.5,PE
142,Northam,51.0333,-4.2167,62.29,90,76,7.45,GB
143,Tautira,-17.7333,-149.15,82.42,79,12,13.49,PF
144,Butaritari,3.0707,172.7902,82.98,75,50,10.51,KI
145,Neiafu,-18.65,-173.9833,75.88,57,75,5.75,TO
146,Ariquemes,-9.9133,-63.0408,81.95,63,85,3.6,BR
147,Cherskiy,68.75,161.3,32.27,97,100,13.31,RU
148,Atambua,-9.1061,124.8925,72.18,81,50,3.13,ID
149,Port Blair,11.6667,92.75,80.2,87,100,11.74,IN
150,Kalmunai,7.4167,81.8167,79.2,83,100,6.04,LK
151,Vao,-22.6667,167.4833,68.29,59,17,10.04,NC
152,Ileza,61.0533,43.9002,42.96,93,99,8.3,RU
153,Tasiilaq,65.6145,-37.6368,37.56,66,100,10.4,GL
154,Shingu,33.7333,135.9833,72.91,92,100,8.08,JP
155,Nanortalik,60.1432,-45.2371,37.63,75,1,7.67,GL
156,Ilulissat,69.2167,-51.1,24.82,50,75,4.61,GL
157,Longyearbyen,78.2186,15.6401,40.84,81,40,9.22,SJ
158,Gravdal,68.1214,13.5031,47.01,77,66,10.6,NO
159,Padang,-0.9492,100.3543,77.05,88,98,3.69,ID
160,Cockburn Town,21.4612,-71.1419,85.96,62,20,5.75,TC
161,Luocheng,29.3848,104.0286,72.77,95,52,2.98,CN
162,Corinto,37.9407,22.9573,72.68,61,0,2.42,GR
163,Qui Nhon,13.7667,109.2333,76.68,90,100,4.9,VN
164,Kapit,2.0167,112.9333,74.05,98,100,2.26,MY
165,Chaska,44.7894,-93.6022,72.68,30,1,5.01,US
166,Nukus,42.4531,59.6103,66.18,39,0,13.8,UZ
167,Bowen,-20.0167,148.2333,59.22,73,0,6.73,AU
168,Ulkan,57.243,107.3223,37.67,95,100,8.01,RU
169,Torbay,47.6666,-52.7314,51.28,80,90,12.66,CA
170,Laguna,38.421,-121.4238,97.23,34,1,4.0,US
171,Sungaipenuh,-2.0833,101.3833,65.82,97,100,0.83,ID
172,Nalut,30.3333,10.85,83.88,22,0,9.89,LY
173,Lichuan,30.3,108.85,63.16,96,2,3.85,CN
174,Talnakh,69.4865,88.3972,30.96,70,40,1.66,RU
175,Gigmoto,13.7796,124.39,81.09,83,35,3.94,PH
176,Kavaratti,10.5669,72.642,81.48,79,76,19.24,IN
177,Pacific Grove,36.6177,-121.9166,86.58,82,1,1.99,US
178,Dalsingh Sarai,25.6667,85.8333,85.03,68,100,5.23,IN
179,Turaiyur,11.1667,78.6167,81.66,86,100,7.2,IN
180,Jalu,29.0331,21.5482,73.38,37,1,4.25,LY
181,Maniitsoq,65.4167,-52.9,31.71,56,0,4.76,GL
182,Ugoofaaru,5.6667,73.0,81.57,79,100,19.93,MV
183,Kodiak,57.79,-152.4072,45.91,49,1,8.05,US
184,Grand Forks,47.9417,-97.4337,79.59,21,40,16.11,US
185,Dubai,25.2582,55.3047,91.33,66,0,5.01,AE
186,Pa Sang,18.5262,98.9394,77.85,65,100,4.29,TH
187,Alice Springs,-23.7,133.8833,54.95,28,3,6.91,AU
188,Kamaishi,39.2667,141.8833,62.69,80,100,5.79,JP
189,Avarua,-21.2078,-159.775,77.05,78,90,17.27,CK
190,Diu,20.7141,70.9822,78.06,83,96,7.16,IN
191,Qinhuangdao,39.9317,119.5883,67.19,87,100,5.75,CN
192,Qasigiannguit,68.8193,-51.1922,25.05,87,5,3.85,GL
193,Handan,36.6006,114.4678,61.57,96,100,11.99,CN
194,Beringovskiy,63.05,179.3167,33.78,62,65,5.39,RU
195,Nikolskoye,59.7035,30.7861,49.89,91,98,9.33,RU
196,Lorengau,-2.0226,147.2712,83.12,75,82,6.73,PG
197,Swellendam,-34.0226,20.4417,61.18,57,28,2.66,ZA
198,Tuatapere,-46.1333,167.6833,43.83,77,69,8.37,NZ
199,Yongan,39.6957,113.6871,55.53,91,84,4.54,CN
200,Barrow,71.2906,-156.7887,28.42,80,90,6.91,US
201,Harer,9.3094,42.1258,60.75,78,79,2.21,ET
202,Alekseyevsk,57.8406,108.3492,38.79,88,100,9.48,RU
203,Dikson,73.5069,80.5464,35.89,83,100,18.75,RU
204,Yellowknife,62.456,-114.3525,47.41,84,75,3.0,CA
205,Mahebourg,-20.4081,57.7,72.25,78,40,14.97,MU
206,Kandla,23.0333,70.2167,81.34,78,60,14.7,IN
207,Mount Isa,-20.7333,139.5,71.37,14,4,8.05,AU
208,Qaqortoq,60.7167,-46.0333,39.7,78,0,6.04,GL
209,Todos Santos,23.45,-110.2167,94.1,80,40,7.67,MX
210,Port Lincoln,-34.7333,135.8667,53.56,71,16,14.05,AU
211,Whitehorse,60.7161,-135.0538,48.09,47,75,10.0,CA
212,Bambous Virieux,-20.3428,57.7575,72.21,78,40,14.97,MU
213,Banda Aceh,5.5577,95.3222,78.42,84,100,14.38,ID
214,Tazmalt,36.3868,4.3989,84.06,38,100,1.92,DZ
215,Requena,39.4883,-1.1004,64.71,51,52,5.7,ES
216,Bridlington,54.0831,-0.1919,63.28,95,100,10.8,GB
217,Eureka,40.8021,-124.1637,71.67,79,48,4.0,US
218,Terni,42.6833,12.3167,65.21,77,100,2.75,IT
219,Zhuhai,22.2769,113.5678,83.91,74,20,10.36,CN
220,Roald,62.5833,6.1333,55.99,71,90,11.5,NO
221,Barauna,-5.08,-37.6167,83.3,70,20,15.86,BR
222,Ponta Delgada,37.7333,-25.6667,73.51,88,75,12.66,PT
223,Burgeo,47.6167,-57.6152,55.72,81,100,12.95,CA
224,Ust-Kut,56.7938,105.7672,33.85,98,100,4.21,RU
225,Hithadhoo,-0.6,73.0833,81.84,78,100,16.4,MV
226,Monrovia,6.3005,-10.7969,78.8,84,100,7.99,LR
227,Nortelandia,-14.4547,-56.8028,91.87,28,92,4.32,BR
228,Hami,42.8,93.45,54.57,22,0,11.1,CN
229,Hambantota,6.1241,81.1185,77.34,100,20,4.61,LK
230,Abaza,52.655,90.0928,35.6,76,100,2.21,RU
231,Bubaque,11.2833,-15.8333,82.69,76,93,8.46,GW
232,Great Yarmouth,52.6083,1.7305,61.41,97,90,9.22,GB
233,Sedona,34.8697,-111.761,81.59,39,1,3.0,US
234,Kedrovyy,56.1667,91.8167,34.21,90,100,4.83,RU
235,Luderitz,-26.6481,15.1594,61.95,53,35,15.05,NA
236,Taoudenni,22.6783,-3.9836,96.48,7,59,8.43,ML
237,Balotra,25.8333,72.2333,83.23,74,83,9.48,IN
238,Pontes E Lacerda,-15.2261,-59.3353,94.41,24,42,3.76,BR
239,Bolobo,-2.1667,16.2333,74.68,73,63,2.3,CD
240,Maple Creek,49.9168,-109.4848,86.05,17,62,11.5,CA
241,Muros,42.7762,-9.0603,65.08,91,11,5.53,ES
242,Aykhal,66.0,111.5,29.59,85,77,7.61,RU
243,Port Macquarie,-31.4333,152.9167,60.89,82,97,12.95,AU
244,Somers,42.6403,-87.9104,70.56,28,1,12.66,US
245,Fallon,39.4735,-118.7774,91.92,13,1,0.0,US
246,Hofn,64.2539,-15.2082,39.45,86,100,15.7,IS
247,Najran,17.4924,44.1277,74.05,17,93,3.56,SA
248,Tula,54.2044,37.6111,49.03,95,100,10.83,RU
249,Samarai,-10.6167,150.6667,79.7,86,66,12.97,PG
250,Egvekinot,66.3167,-179.1667,23.09,70,88,2.53,RU
251,Kathu,7.9178,98.3332,78.62,81,69,12.24,TH
252,Nantucket,41.2835,-70.0995,71.96,94,90,6.91,US
253,Maceio,-9.6658,-35.7353,80.04,83,20,10.36,BR
254,Bilma,18.6853,12.9164,88.5,13,1,7.81,NE
255,Kushima,31.4583,131.2333,69.84,88,75,8.03,JP
256,Bonavista,48.6499,-53.1147,55.4,76,100,14.27,CA
257,Arraial Do Cabo,-22.9661,-42.0278,71.56,73,0,23.02,BR
258,Sri Aman,1.2376,111.4621,73.45,94,100,0.0,MY
259,Kailua,21.4022,-157.7394,83.75,72,40,13.8,US
260,Kupang,-10.1667,123.5833,75.78,78,20,4.61,ID
261,Koulikoro,14.0,-7.75,77.9,68,65,2.53,ML
262,Puerto Colombia,10.9878,-74.9547,86.09,82,55,15.08,CO
263,Salalah,17.0151,54.0924,80.69,89,20,2.3,OM
264,Kaeo,-35.1,173.7833,58.32,93,29,8.3,NZ
265,Bandarbeyla,9.4942,50.8122,77.14,86,49,19.77,SO
266,Quatre Cocos,-20.2078,57.7625,72.09,78,29,17.96,MU
267,Cidreira,-30.1811,-50.2056,62.64,88,2,8.72,BR
268,Flinders,-34.5833,150.8552,55.2,70,95,7.0,AU
269,Dzilam Gonzalez,21.2833,-88.9333,86.04,63,43,10.04,MX
270,Bhadrachalam,17.6667,80.8833,76.53,95,100,2.21,IN
271,Palana,59.1167,159.9667,43.2,66,99,6.98,RU
272,Hazorasp,41.3194,61.0742,69.64,29,8,8.59,UZ
273,Murwillumbah,-28.3167,153.4,71.13,68,90,10.36,AU
274,Yenotayevka,47.2456,47.0281,56.53,82,100,12.91,RU
275,Georgetown,5.4112,100.3354,80.89,87,20,5.01,MY
276,Sao Joao Da Barra,-21.6403,-41.0511,71.69,74,100,23.11,BR
277,Alta Floresta,-9.8756,-56.0861,80.74,58,99,6.35,BR
278,Uson,12.2253,123.7834,78.53,90,100,3.78,PH
279,Roma,43.2128,-75.4557,74.43,55,1,4.61,US
280,Concepcion Del Uruguay,-32.4825,-58.2372,61.83,74,0,4.61,AR
281,Petatlan,17.5167,-101.2667,81.54,80,97,2.53,MX
282,Ust-Nera,64.5667,143.2,36.82,96,100,6.06,RU
283,Shache,38.4167,77.2406,66.04,21,0,4.88,CN
284,Plettenberg Bay,-34.0527,23.3716,60.82,63,42,6.91,ZA
285,Matara,5.9485,80.5353,78.12,88,79,11.7,LK
286,Kotelnikovo,47.6317,43.1461,51.33,79,27,8.5,RU
287,Narok,-1.0783,35.8601,56.57,83,70,5.44,KE
288,Coahuayana,18.7333,-103.6833,85.57,73,88,4.45,MX
289,Vanderhoof,54.0166,-124.0198,52.7,72,100,1.36,CA
290,Morondava,-20.2833,44.2833,74.17,77,14,11.63,MG
291,Jinchang,38.4953,102.1739,59.72,51,87,5.19,CN
292,Krosno,49.6887,21.7706,60.04,72,87,5.53,PL
293,Upernavik,72.7868,-56.1549,20.61,69,2,5.79,GL
294,Tessalit,20.1986,1.0114,88.07,9,0,11.59,ML
295,Taklisah,36.7833,10.6333,79.54,92,84,15.46,TN
296,Khash,28.2211,61.2158,70.65,11,59,3.11,IR
297,Lagos,6.5833,3.75,73.72,93,100,2.19,NG
298,Mount Gambier,-37.8333,140.7667,35.51,93,40,5.75,AU
299,Adelaide,-34.9333,138.6,51.19,71,0,10.36,AU
300,Atar,20.5169,-13.0499,96.67,21,98,7.43,MR
301,Steamboat Springs,40.485,-106.8317,81.27,16,1,16.11,US
302,Bosaso,11.2842,49.1816,89.98,49,63,7.72,SO
303,Tari,12.4086,4.4914,81.43,69,23,8.88,NG
304,Grindavik,63.8424,-22.4338,41.47,75,75,25.32,IS
305,Sao Felix Do Xingu,-6.6447,-51.995,81.61,56,87,0.92,BR
306,General Roca,-39.0333,-67.5833,75.6,23,30,26.84,AR
307,Calama,-22.4667,-68.9333,71.51,4,0,10.13,CL
308,Maine-Soroa,13.2114,12.0241,87.13,19,5,4.16,NE
309,Norman Wells,65.282,-126.8329,35.64,93,90,16.11,CA
310,Bazarnyye Mataki,54.8833,49.9333,45.19,91,100,4.32,RU
311,Itoman,26.1247,127.6694,80.62,92,20,3.44,JP
312,Innisfail,-17.5333,146.0333,73.26,72,56,5.26,AU
313,Takoradi,4.8845,-1.7554,76.42,90,100,6.49,GH
314,Narsaq,60.9167,-46.05,39.42,70,0,2.13,GL
315,Santa Cruz Del Sur,20.7147,-77.9956,85.32,69,24,8.28,CU
316,Tilichiki,60.4667,166.1,42.39,72,100,4.14,RU
317,Bara,10.3744,10.7288,74.46,83,86,6.91,NG
318,Dawlatabad,36.4141,64.9053,71.22,13,0,2.26,AF
319,Mayo,38.8876,-76.5119,76.21,57,1,4.0,US
320,Port Pirie,-33.1833,138.0167,53.69,51,0,7.67,AU
321,Huilong,31.8111,121.655,72.99,77,84,9.13,CN
322,Russell,32.3502,-85.1999,81.97,46,1,5.75,US
323,Kuliyapitiya,7.4688,80.0401,82.08,90,99,6.11,LK
324,Nsunga,-1.1439,31.3947,65.1,80,93,3.67,TZ
325,Luanda,-8.8368,13.2343,75.2,83,20,6.91,AO
326,Lamu,-2.2717,40.902,75.42,81,100,14.07,KE
327,Ozinki,51.1786,49.6769,51.44,68,51,6.98,RU
328,Zhezkazgan,47.8043,67.7144,50.68,26,43,8.41,KZ
329,Denpasar,-8.65,115.2167,76.71,94,20,8.05,ID
330,Souillac,-20.5167,57.5167,72.36,78,40,14.97,MU
331,Bondo,3.8146,23.6866,67.66,96,99,0.45,CD
332,Barhi,23.9,80.8,75.38,85,79,2.55,IN
333,Kununurra,-15.7667,128.7333,64.38,82,19,5.75,AU
334,Port Hawkesbury,45.6169,-61.3485,66.9,94,90,5.01,CA
335,Vercelli,45.3231,8.4153,69.85,82,100,4.43,IT
336,Vardo,70.3705,31.1107,46.54,85,48,8.88,NO
337,Tucupita,9.0622,-62.051,80.15,82,84,2.08,VE
338,Inirida,3.8653,-67.9239,79.5,83,81,2.33,CO
339,Kaitangata,-46.2817,169.8464,46.69,55,6,10.89,NZ
340,Mecca,21.4267,39.8261,87.78,47,29,4.45,SA
341,Kamina,-8.7386,24.9906,68.79,38,3,2.98,CD
342,Madang,-5.2246,145.7966,79.92,84,84,1.1,PG
343,Senanga,-16.1167,23.2667,71.47,19,3,9.31,ZM
344,Filadelfia,39.9523,-75.1638,76.98,50,75,1.99,US
345,Wakkanai,45.4094,141.6739,57.94,80,99,7.9,JP
346,Geraldton,-28.7667,114.6,61.21,77,75,10.36,AU
347,Udachnyy,66.4167,112.4,30.36,71,20,4.9,RU
348,Hobyo,5.3505,48.5268,77.49,86,98,22.06,SO
349,Marawi,7.9986,124.2928,65.64,88,97,2.8,PH
350,Komsomolskiy,40.4272,71.7189,63.32,42,0,9.22,UZ
351,Tabas,33.5959,56.9244,82.45,6,0,5.03,IR
352,Pasni,25.2631,63.471,80.49,80,41,8.99,PK
353,Kruisfontein,-34.0033,24.7314,53.89,58,19,7.43,ZA
354,Salgueiro,-8.0742,-39.1192,79.59,57,23,26.02,BR
355,Sao Filipe,14.8961,-24.4956,78.66,76,36,4.34,CV
356,Singkang,2.1006,102.7994,78.69,95,81,3.15,MY
357,Farah,32.5,62.5,74.34,9,0,2.42,AF
358,Matagami,49.7502,-77.6328,62.71,63,75,17.27,CA
359,Tigzirt,36.8886,4.1198,75.92,81,100,9.84,DZ
360,Burgersdorp,-30.9977,26.3286,63.14,19,62,0.74,ZA
361,Tortoli,39.9256,9.6572,77.99,83,75,9.22,IT
362,Coihaique,-45.5752,-72.0662,48.81,70,90,11.5,CL
363,Naryan-Mar,67.6713,53.087,44.94,80,100,17.47,RU
364,Okhotsk,59.3833,143.3,44.6,65,100,12.19,RU
365,Agadez,19.75,10.25,83.88,15,3,8.97,NE
366,Utete,-7.986,38.758,69.66,93,10,0.78,TZ
367,Sokoto,13.0609,5.239,83.25,53,54,8.57,NG
368,Mashhad,36.297,59.6062,69.94,30,0,6.91,IR
369,Fonte Boa,-2.4959,-66.2662,79.36,79,96,2.68,BR
370,Kyra,49.5776,111.9753,50.76,96,76,3.31,RU
371,Wajima,37.4,136.9,67.53,87,100,4.27,JP
372,Meulaboh,4.1363,96.1285,75.88,92,100,9.86,ID
373,Semey,50.4111,80.2275,42.58,41,0,6.08,KZ
374,Houston,29.7633,-95.3633,89.06,43,1,4.0,US
375,Vanavara,60.34,102.2797,32.56,98,68,3.6,RU
376,Port-Gentil,-0.7193,8.7815,76.96,94,40,10.36,GA
377,Miri,4.4148,114.0089,77.14,94,40,3.44,MY
378,Guerrero Negro,27.9769,-114.0611,76.91,62,85,16.46,MX
379,Namie,37.4833,141.0,63.72,95,100,6.15,JP
380,Quelimane,-17.8786,36.8883,73.35,88,0,3.44,MZ
381,Vila Franca Do Campo,37.7167,-25.4333,73.2,90,100,11.03,PT
382,Gimli,50.6336,-96.9907,76.42,63,92,9.22,CA
383,Eyl,7.9803,49.8164,77.4,81,67,18.25,SO
384,Broken Hill,-31.95,141.4333,44.31,53,0,5.75,AU
385,Goruia,45.1862,21.7781,52.57,68,0,3.56,RO
386,Shimoda,34.6667,138.95,71.71,78,100,16.64,JP
387,Pervomayskoye,43.919,46.7102,54.81,90,100,17.81,RU
388,Tevriz,57.509,72.4042,27.36,97,8,4.59,RU
389,Fairmont,39.4851,-80.1426,70.97,80,100,7.2,US
390,Bar Bigha,25.2167,85.7333,85.19,69,100,4.09,IN
391,Carutapera,-1.195,-46.02,79.63,79,100,10.18,BR
392,Bartica,6.4,-58.6167,82.72,92,54,2.44,GY
393,Milverton,43.5668,-80.9164,57.79,82,100,12.28,CA
394,Mapua,-41.25,173.1,58.42,97,9,6.46,NZ
395,Baykit,61.67,96.37,30.31,84,97,4.03,RU
396,Namatanai,-3.6667,152.4333,82.49,75,55,7.99,PG
397,Kaspiyskiy,45.3929,47.3707,61.99,62,100,7.49,RU
398,Parambu,-6.2111,-40.6944,84.54,34,63,5.32,BR
399,Sarande,39.8756,20.0053,70.18,47,0,2.82,AL
400,Orlovskiy,46.8714,42.0592,51.57,82,31,10.58,RU
401,Syasstroy,60.1367,32.5691,47.97,93,100,13.38,RU
402,Caravelas,-17.7125,-39.2481,71.26,67,29,8.1,BR
403,La Ronge,55.1001,-105.2842,68.22,42,20,6.91,CA
404,San Cristobal,7.7669,-72.225,87.98,85,34,5.77,VE
405,Shirokiy,49.758,129.523,46.47,88,3,3.94,RU
406,Mortka,59.3322,66.0214,30.38,91,47,5.66,RU
407,Maragogi,-9.0122,-35.2225,75.24,87,18,9.24,BR
408,Sharkan,57.2989,53.8712,47.16,88,100,11.25,RU
409,Dunedin,-45.8742,170.5036,45.81,63,29,14.38,NZ
410,Avera,33.194,-82.5271,80.44,45,54,5.79,US
411,Helong,42.5397,128.9972,57.4,94,89,2.57,CN
412,Mariinsk,56.2139,87.7472,37.08,97,100,7.74,RU
413,Parksville,49.3163,-124.3195,71.69,68,81,1.01,CA
414,Luganville,-15.5333,167.1667,78.03,85,64,11.32,VU
415,Emirdag,39.0197,31.15,56.14,59,0,2.15,TR
416,Mungeli,22.0667,81.6833,75.78,85,42,4.38,IN
417,Okha,53.5739,142.9478,53.83,75,100,10.09,RU
418,Rio Gallegos,-51.6226,-69.2181,50.05,29,75,17.27,AR
419,Moranbah,-22.0016,148.0466,69.33,46,0,6.55,AU
420,Tigil,57.8,158.6667,45.27,70,45,5.75,RU
421,Mountain Home,43.133,-115.6912,84.81,17,1,0.0,US
422,Dong Hoi,17.4833,106.6,78.67,87,100,3.89,VN
423,Haines Junction,60.7522,-137.5108,48.15,40,100,4.61,CA
424,Robe,-37.1833,139.75,44.46,79,8,9.6,AU
425,Maridi,4.9158,29.4742,64.54,98,89,3.24,SS
426,Cap Malheureux,-19.9842,57.6142,72.46,72,5,8.01,MU
427,Fiche,9.8,38.7333,48.0,84,67,2.28,ET
428,Tabou,4.423,-7.3528,77.07,88,99,9.22,CI
429,Sakaiminato,35.55,133.2333,67.98,94,75,2.3,JP
430,Port Maria,18.3685,-76.8895,87.76,79,21,7.87,JM
431,Skovorodino,53.9833,123.9167,50.31,94,93,7.58,RU
432,Izhma,65.0083,53.9113,43.41,79,100,12.44,RU
433,Mpanda,-6.3655,31.0409,72.55,43,60,1.72,TZ
434,Meadow Lake,34.8014,-106.5436,86.83,43,94,22.77,US
435,Gat,31.61,34.7642,72.81,60,0,6.67,IL
436,Emba,48.8264,58.1442,59.99,40,77,6.76,KZ
437,Novyy Urengoy,66.0833,76.6333,31.96,82,8,5.84,RU
438,Faya,18.3851,42.4509,66.31,25,10,5.75,SA
439,Susangerd,31.5608,48.1831,87.82,24,0,21.39,IR
440,Olching,48.2,11.3333,63.43,77,90,1.99,DE
441,Yumen,40.2833,97.2,50.88,36,0,7.05,CN
442,Alihe,50.5667,123.7167,50.95,97,100,3.18,CN
443,Berbera,10.4396,45.0143,88.09,64,76,3.58,SO
444,Revda,56.801,59.9303,49.01,53,100,9.37,RU
445,Nouadhibou,20.931,-17.0347,71.58,83,0,17.27,MR
446,Lasa,46.6166,10.7002,61.68,95,87,2.89,IT
447,Yemelyanovo,56.1681,92.6767,36.41,100,100,2.24,RU
448,Shenjiamen,29.9576,122.298,73.53,71,13,4.32,CN
449,Bac Lieu,9.285,105.7244,76.73,90,100,4.41,VN
450,Prince Rupert,54.3161,-130.3201,53.69,87,75,8.05,CA
451,Novobureyskiy,49.798,129.8774,47.37,80,3,1.95,RU
452,Boguchar,49.9358,40.545,49.26,82,100,8.46,RU
453,Tukrah,32.5341,20.5791,72.48,67,0,9.78,LY
454,Sai Buri,6.7013,101.6168,79.83,88,100,2.66,TH
455,Afsin,38.2477,36.914,52.75,59,0,4.14,TR
456,Ouadda,8.0777,22.4007,67.71,96,89,0.56,CF
457,Rio Grande,-32.035,-52.0986,68.11,93,37,4.7,BR
458,Eydhafushi,5.1033,73.0708,81.21,80,92,19.01,MV
459,Salisbury,51.0693,-1.7957,60.55,97,90,4.61,GB
460,Gidam,18.9833,81.4,72.79,96,95,2.24,IN
461,Salem,11.65,78.1667,74.89,93,99,2.53,IN
462,Lagoa,39.05,-27.9833,70.52,84,100,8.19,PT
463,Urumqi,43.801,87.6005,43.75,53,0,0.0,CN
464,La Paz,-16.5,-68.15,60.78,35,40,8.05,BO
465,North Bend,43.4065,-124.2243,65.91,88,90,9.22,US
466,Hualmay,-11.0964,-77.6139,65.55,78,90,11.5,PE
467,Espanola,35.9911,-106.0806,86.27,16,20,14.41,US
468,Yar-Sale,66.8333,70.8333,32.74,83,11,7.23,RU
469,Tumaco,1.7986,-78.8156,79.77,80,53,10.51,CO
470,Yanji,42.9075,129.5078,58.96,96,99,1.1,CN
471,Labrea,-7.2586,-64.7981,78.26,77,71,1.28,BR
472,Mangan,27.5167,88.5333,73.51,81,89,3.62,IN
473,Vostok,46.4856,135.8833,48.54,70,100,2.35,RU
474,Manta,-0.95,-80.7333,80.38,69,20,16.11,EC
475,Hastings,50.8552,0.5729,59.18,92,100,4.34,GB
476,Viedma,-40.8135,-62.9967,76.06,33,100,19.98,AR
477,Oblivskaya,48.5362,42.5014,52.07,80,8,7.7,RU
478,Miajadas,39.1513,-5.9084,65.77,71,65,1.86,ES
479,Balaipungut,1.05,101.2833,77.41,97,91,0.85,ID
480,Muzhi,65.3667,64.6667,30.7,86,73,6.67,RU
481,Prieska,-29.6641,22.7474,67.86,14,18,5.5,ZA
482,Remedios,22.4947,-79.5458,88.72,70,30,10.07,CU
483,Iqaluit,63.7506,-68.5145,33.53,86,90,5.99,CA
484,Kenai,60.5544,-151.2583,43.14,71,90,12.66,US
485,Progreso,21.2833,-89.6667,93.31,71,22,11.92,MX
486,Jacmel,18.2342,-72.5347,89.44,79,28,5.08,HT
487,Vyartsilya,62.1764,30.693,44.76,97,100,5.03,RU
488,Kidal,18.4411,1.4078,90.19,9,0,10.58,ML
489,Kavieng,-2.5744,150.7967,83.05,78,57,14.03,PG
490,Ondjiva,-17.0667,15.7333,72.63,13,0,7.49,AO
491,Catuday,16.2923,119.8062,78.8,84,9,6.38,PH
492,Mbini,1.574,9.6134,76.24,89,99,3.62,GQ
493,Lac Du Bonnet,50.2536,-96.0612,70.14,24,97,5.77,CA
494,Kysyl-Syr,63.8986,122.7617,28.63,96,10,4.56,RU
495,Port Hardy,50.6996,-127.4199,51.98,100,90,8.05,CA
496,San Ignacio,17.1561,-89.0714,91.54,58,40,11.5,BZ
497,Axim,4.8699,-2.2405,76.84,87,100,5.73,GH
498,Concordia,-31.393,-58.0209,69.87,56,40,8.01,AR
499,Escanaba,45.7453,-87.0646,65.21,54,75,12.66,US
500,Kirakira,-10.4544,161.9205,83.93,73,59,7.14,SB
501,Mumford,5.2618,-0.759,77.7,87,100,7.2,GH
502,Mingaora,34.7758,72.3625,68.9,76,0,4.25,PK
503,Labuhan,-6.8844,112.2051,77.43,87,97,7.81,ID
504,Wasilla,61.5814,-149.4394,41.77,91,40,0.0,US
505,Great Falls,47.5002,-111.3008,84.92,19,1,8.99,US
506,Ketchikan,55.3422,-131.6461,54.07,71,40,10.36,US
507,Sriperumbudur,12.9689,79.9489,78.48,67,95,8.21,IN
508,Kanniyakumari,8.0833,77.5667,79.92,83,100,18.79,IN
509,Campos Gerais,-21.235,-45.7586,71.65,52,82,5.01,BR
510,Chitral,35.8462,71.7858,69.42,28,0,2.98,PK
511,Tlaquiltenango,18.6333,-99.1667,82.63,61,94,1.05,MX
512,Xenia,39.6848,-83.9296,70.03,44,75,4.61,US
513,Fort Abbas,29.1925,72.8536,88.72,53,28,6.96,PK
514,Sinnamary,5.3833,-52.95,81.57,78,15,9.57,GF
515,Saint-Pierre,-21.3393,55.4781,71.24,71,20,19.57,RE
516,Iwaki,37.05,140.8833,67.23,91,100,4.27,JP
517,Vammala,61.3333,22.9,47.75,87,17,7.96,FI
518,Parintins,-2.6283,-56.7358,83.34,52,70,0.87,BR
519,Rawson,-43.3002,-65.1023,71.02,25,95,25.79,AR
520,Koutiala,12.3917,-5.4642,80.13,66,15,8.14,ML
521,Heihe,50.2441,127.4902,37.98,85,11,1.66,CN
522,Yakeshi,49.2833,120.7333,47.01,95,66,8.48,CN
523,Ambon,-3.6954,128.1814,75.34,100,40,9.22,ID
524,Tarrafal,15.2833,-23.7667,79.59,77,16,9.82,CV
525,Zhigansk,66.7697,123.3711,30.47,92,77,10.96,RU
526,Alyangula,-13.8483,136.4192,64.27,94,35,1.14,AU
527,Gubkinskiy,64.434,76.5026,32.32,78,63,8.43,RU
528,French Harbor,16.35,-86.4333,89.6,84,40,8.01,HN
529,Solnechnyy,50.7214,136.6319,50.68,74,10,0.87,RU
530,Benguela,-12.5763,13.4055,70.66,80,30,8.21,AO
531,Haizhou,34.5817,119.1289,71.74,84,100,9.42,CN
532,Bronnoysund,65.4625,12.1997,46.4,93,75,11.5,NO
533,Ursulo Galvan,22.7333,-98.3,89.69,75,93,7.99,MX
534,Lebedinyy,58.5167,125.5167,30.25,89,83,4.85,RU
535,Chiknayakanhalli,13.4172,76.6228,68.41,93,75,5.48,IN
536,Batagay-Alyta,67.8006,130.4114,24.94,90,86,3.38,RU
537,Nakamura,32.9833,132.9333,70.23,89,77,3.04,JP
538,Zabid,14.1951,43.3152,87.3,64,42,7.45,YE
539,Vestmannaeyjar,63.4427,-20.2734,40.66,85,100,2.64,IS
540,Kenitra,34.261,-6.5802,70.84,80,0,5.57,MA
541,Chapais,49.7834,-74.8492,62.38,60,93,9.53,CA
542,Samoded,63.6083,40.5111,44.98,91,100,5.12,RU
543,Port Keats,-14.25,129.55,77.43,72,30,0.65,AU
544,Reitz,-27.8014,28.4273,63.25,30,4,1.25,ZA
545,Trang,7.5,99.5,74.34,97,100,0.92,TH
546,Baker City,44.7749,-117.8344,84.94,27,1,5.75,US
547,Juba,4.8517,31.5825,67.68,95,100,1.95,SS
548,Mokhsogollokh,61.4681,128.9203,28.71,95,10,3.56,RU
549,Sawtell,-30.3833,153.1,64.18,77,97,13.8,AU
550,Ajdabiya,30.7554,20.2263,72.77,57,0,12.66,LY
551,Bonnyville,54.2668,-110.735,65.52,36,99,14.29,CA
552,Vraca,43.8422,18.3955,50.72,100,0,3.44,BA
553,Asau,46.4333,26.4,54.95,77,1,5.77,RO
554,Kenora,49.8167,-94.4337,62.58,54,75,8.05,CA
555,Banyo,6.75,11.8167,65.34,90,70,1.54,CM
556,Seguin,29.5688,-97.9647,91.71,31,1,5.75,US
557,Kuito,-12.3833,16.9333,63.66,22,19,2.93,AO
558,Deniliquin,-35.5333,144.9667,43.0,60,0,9.26,AU
559,Port Augusta,-32.5,137.7667,53.74,55,0,7.72,AU
560,Atasu,48.6814,71.6433,45.34,23,14,5.44,KZ
561,Camacupa,-12.0167,17.4833,65.98,22,9,2.95,AO
562,Aksu,41.1231,80.2644,64.24,18,2,5.93,CN
563,Nowogard,53.6744,15.1163,60.67,100,90,1.14,PL
564,Vilyuysk,63.7553,121.6247,28.06,95,8,4.43,RU
565,Sakakah,29.9697,40.2064,80.17,32,0,7.45,SA
566,Tsumeb,-19.2333,17.7167,71.15,13,0,9.28,NA
567,Mubi,10.2676,13.2644,74.48,76,90,3.98,NG
568,Batticaloa,7.7102,81.6924,80.28,81,99,5.32,LK
569,Bodden Town,19.2833,-81.25,88.99,73,40,5.01,KY
570,Sarbeni,44.4667,25.3833,64.18,46,0,3.2,RO
571,Mandan,46.8267,-100.8896,85.03,26,1,13.8,US
572,Srednekolymsk,67.45,153.6833,32.95,92,99,15.37,RU
573,Eldorado,-23.7869,-54.2836,85.08,38,27,5.93,BR
574,Ust-Kulom,61.6864,53.6902,46.22,86,100,10.78,RU
575,Koslan,63.4564,48.8989,44.13,97,100,6.91,RU
576,Pascagoula,30.3658,-88.5561,83.05,46,1,0.0,US
